{
	"resolution":[
		1
	],
	"bbox_min":[
		-0.4222803086042405,
		-0.8071291267871857,
		-0.442147108912468
	],
	"bbox_max":[
		0.4641393095254898,
		1.1530840814113619,
		0.44271010458469395
	]
}