{
	"resolution":[
		1
	],
	"bbox_min":[
        -0.97907,
        -0.827023,
        -0.999719
	],
	"bbox_max":[
        1.02093,
        1.17298,
        1.00028
	]
}
